demoName, demoEmail@demo.com, demo
Aiyush Gupta, agupta17@agsb.co.uk, ABCD
Bob Appleton, bob@gmail.com, bobbly
Mike Randon, mikerandon@yahoo.com, mikey
John Darrington, markdarrington223@gmail.com, mark123, 
Mike,miket2ca1@gmail.com,cucumbermaki,
Lara,lara@gmail.com,cucumbermaki,
Kankesh,kank@gmail.com,cucumbermaki,
Monica,mon@gmail.com,cucumbermaki,
Mayek,mayek@gmail.com,hellothisisatest,
Tom,tom@gmail.com,tom,
